{
  "1": {
    "links": [
      "2"
    ],
    "position": [
      0,
      0
    ]
  },
  "10": {
    "links": [
      "11"
    ],
    "position": [
      2671.2978999999996,
      -5290.1773
    ]
  },
  "11": {
    "links": [
      "12"
    ],
    "position": [
      2572.5977000000007,
      -5269.7213
    ]
  },
  "12": {
    "links": [
      "13"
    ],
    "position": [
      2502.5358999999994,
      -5241.849999999999
    ]
  },
  "13": {
    "links": [
      "12",
      "14",
      "16"
    ],
    "position": [
      2488.216700000001,
      -5215.2572
    ]
  },
  "14": {
    "links": [
      "13",
      "15"
    ],
    "position": [
      2430.9398999999994,
      -5201.7051
    ]
  },
  "15": {
    "links": [
      "14"
    ],
    "position": [
      2375.708700000001,
      -5176.1350999999995
    ]
  },
  "16": {
    "links": [
      "13",
      "17"
    ],
    "position": [
      2522.9918999999995,
      -5204.5178000000005
    ]
  },
  "17": {
    "links": [
      "16",
      "22"
    ],
    "position": [
      2549.073299999999,
      -5182.527599999999
    ]
  },
  "18": {
    "links": [
      "7",
      "19"
    ],
    "position": [
      2918.0483999999997,
      -5271.7669
    ]
  },
  "19": {
    "links": [
      "18",
      "20"
    ],
    "position": [
      2928.787799999999,
      -5191.2214
    ]
  },
  "2": {
    "links": [
      "3"
    ],
    "position": [
      10,
      10
    ]
  },
  "20": {
    "links": [
      "19",
      "21"
    ],
    "position": [
      2967.654200000001,
      -5091.2427
    ]
  },
  "21": {
    "links": [
      "20"
    ],
    "position": [
      2994.502700000001,
      -4943.9595
    ]
  },
  "22": {
    "links": [
      "17"
    ],
    "position": [
      2559.812700000001,
      -5111.9544
    ]
  },
  "3": {
    "links": [
      "4",
      "6"
    ],
    "position": [
      20,
      20
    ]
  },
  "4": {
    "links": [
      "5"
    ],
    "position": [
      30,
      30
    ]
  },
  "5": {
    "links": [
      "1"
    ],
    "position": [
      10,
      40
    ]
  },
  "6": {
    "links": [
      "1",
      "5"
    ],
    "position": [
      40,
      10
    ]
  },
  "7": {
    "links": [
      "8",
      "18"
    ],
    "position": [
      2846.196700000001,
      -5322.651199999999
    ]
  },
  "8": {
    "links": [
      "9"
    ],
    "position": [
      2778.6918999999994,
      -5304.7522
    ]
  },
  "9": {
    "links": [
      "10"
    ],
    "position": [
      2708.6301000000003,
      -5304.7522
    ]
  }
}